sub_head,material_details,unit,is_active,created_by
HDPE Pipe Line Work,400 mm Pipe Laying,Mtr,true,+919883321834
HDPE Pipe Line Work,355 mm Pipe Laying,Mtr,true,+919883321834
HDPE Pipe Line Work,315 mm Pipe Laying,Mtr,true,+919883321834
HDPE Pipe Line Work,280 mm Pipe Laying,Mtr,true,+919883321834
HDPE Pipe Line Work,250 mm Pipe Laying,Mtr,true,+919883321834
HDPE Pipe Line Work,225 mm Pipe Laying,Mtr,true,+919883321834
HDPE Pipe Line Work,200 mm Pipe Laying,Mtr,true,+919883321834
HDPE Pipe Line Work,180 mm Pipe Laying,Mtr,true,+919883321834
HDPE Pipe Line Work,160 mm Pipe Laying,Mtr,true,+919883321834
HDPE Pipe Line Work,140 mm Pipe Laying,Mtr,true,+919883321834
HDPE Pipe Line Work,125 mm Pipe Laying,Mtr,true,+919883321834
HDPE Pipe Line Work,110 mm Pipe Laying,Mtr,true,+919883321834
HDPE Pipe Line Work,90 mm Pipe Laying,Mtr,true,+919883321834
HDPE Pipe Line Work,75 mm Pipe Laying,Mtr,true,+919883321834
HDPE Pipe Line Work,63 mm Pipe Laying,Mtr,true,+919883321834
HDPE Pipe Line Work,50 mm Pipe Laying,Mtr,true,+919883321834
PVC Pipe Line Work,315 mm Pipe Laying,Mtr,true,+919883321834
PVC Pipe Line Work,280 mm Pipe Laying,Mtr,true,+919883321834
PVC Pipe Line Work,250 mm Pipe Laying,Mtr,true,+919883321834
PVC Pipe Line Work,225 mm Pipe Laying,Mtr,true,+919883321834
PVC Pipe Line Work,200 mm Pipe Laying,Mtr,true,+919883321834
PVC Pipe Line Work,180 mm Pipe Laying,Mtr,true,+919883321834
PVC Pipe Line Work,160 mm Pipe Laying,Mtr,true,+919883321834
PVC Pipe Line Work,140 mm Pipe Laying,Mtr,true,+919883321834
PVC Pipe Line Work,125 mm Pipe Laying,Mtr,true,+919883321834
PVC Pipe Line Work,110 mm Pipe Laying,Mtr,true,+919883321834
PVC Pipe Line Work,90 mm Pipe Laying,Mtr,true,+919883321834
PVC Pipe Line Work,75 mm Pipe Laying,Mtr,true,+919883321834
PVC Pipe Line Work,63 mm Pipe Laying,Mtr,true,+919883321834
PVC Pipe Line Work,50 mm Pipe Laying,Mtr,true,+919883321834
DI Pipe Line Work,1000  mm Pipe Laying,Mtr,true,+919883321834
DI Pipe Line Work,900  mm Pipe Laying,Mtr,true,+919883321834
DI Pipe Line Work,800  mm Pipe Laying,Mtr,true,+919883321834
DI Pipe Line Work,750  mm Pipe Laying,Mtr,true,+919883321834
DI Pipe Line Work,700  mm Pipe Laying,Mtr,true,+919883321834
DI Pipe Line Work,600  mm Pipe Laying,Mtr,true,+919883321834
DI Pipe Line Work,500  mm Pipe Laying,Mtr,true,+919883321834
DI Pipe Line Work,450  mm Pipe Laying,Mtr,true,+919883321834
DI Pipe Line Work,400  mm Pipe Laying,Mtr,true,+919883321834
DI Pipe Line Work,350  mm Pipe Laying,Mtr,true,+919883321834
DI Pipe Line Work,300 mm Pipe Laying,Mtr,true,+919883321834
DI Pipe Line Work,250  mm Pipe Laying,Mtr,true,+919883321834
DI Pipe Line Work,200  mm Pipe Laying,Mtr,true,+919883321834
DI Pipe Line Work,150  mm Pipe Laying,Mtr,true,+919883321834
DI Pipe Line Work,100  mm Pipe Laying,Mtr,true,+919883321834
DI Pipe Line Work,80  mm Pipe Laying,Mtr,true,+919883321834
MS Pipe Line Work,200  mm Pipe Laying,Mtr,true,+919883321834
MS Pipe Line Work,150  mm Pipe Laying,Mtr,true,+919883321834
MS Pipe Line Work,100  mm Pipe Laying,Mtr,true,+919883321834
MS Pipe Line Work,75  mm Pipe Laying,Mtr,true,+919883321834
UPVC Pipe Line Work,UPVC Pipe Plumbing,Job,true,+919883321834
CPVC Pipe Line Work,CPVC Pipe Plumbing,Job,true,+919883321834
Valve Fitting,1000  mm Valve Fitting,Job,true,+919883321834
Valve Fitting,900  mm Valve Fitting,Job,true,+919883321834
Valve Fitting,800  mm Valve Fitting,Job,true,+919883321834
Valve Fitting,750  mm Valve Fitting,Job,true,+919883321834
Valve Fitting,700  mm Valve Fitting,Job,true,+919883321834
Valve Fitting,600  mm Valve Fitting,Job,true,+919883321834
Valve Fitting,500  mm Valve Fitting,Job,true,+919883321834
Valve Fitting,450  mm Valve Fitting,Job,true,+919883321834
Valve Fitting,400  mm Valve Fitting,Job,true,+919883321834
Valve Fitting,350  mm Valve Fitting,Job,true,+919883321834
Valve Fitting,300 mm Valve Fitting,Job,true,+919883321834
Valve Fitting,250  mm Valve Fitting,Job,true,+919883321834
Valve Fitting,200  mm Valve Fitting,Job,true,+919883321834
Valve Fitting,150  mm Valve Fitting,Job,true,+919883321834
Valve Fitting,100  mm Valve Fitting,Job,true,+919883321834
Valve Fitting,80  mm Valve Fitting,Job,true,+919883321834
Valve Fitting,1000  mm Valve Chamber,Job,true,+919883321834
Valve Fitting,900  mm Valve Chamber,Job,true,+919883321834
Valve Fitting,800  mm Valve Chamber,Job,true,+919883321834
Valve Fitting,750  mm Valve Chamber,Job,true,+919883321834
Valve Fitting,700  mm Valve Chamber,Job,true,+919883321834
Valve Fitting,600  mm Valve Chamber,Job,true,+919883321834
Valve Fitting,500  mm Valve Chamber,Job,true,+919883321834
Valve Fitting,450  mm Valve Chamber,Job,true,+919883321834
Valve Fitting,400  mm Valve Chamber,Job,true,+919883321834
Valve Fitting,350  mm Valve Chamber,Job,true,+919883321834
Valve Fitting,300 mm Valve Chamber,Job,true,+919883321834
Valve Fitting,250  mm Valve Chamber,Job,true,+919883321834
Valve Fitting,200  mm Valve Chamber,Job,true,+919883321834
Valve Fitting,150  mm Valve Chamber,Job,true,+919883321834
Valve Fitting,100  mm Valve Chamber,Job,true,+919883321834
Valve Fitting,80  mm Valve Chamber,Job,true,+919883321834
Plumber,Pipe Line Fittings & Repairing,Job,true,+919883321834
Bore Well,ODEX Boring,Mtr,true,+919883321834
Bore Well,DTH Boring,Mtr,true,+919883321834
Bore Well,Direct Boring,Mtr,true,+919883321834
Bore Well,Reverse Boring,Mtr,true,+919883321834
Bore Well,Hand Boring,Mtr,true,+919883321834
Boring,Horizontal Boring,Job,true,+919883321834
OHR WORK,OHR,Job,true,+919883321834
CWR WORK,CWR,Job,true,+919883321834
Construction Work,Building,Job,true,+919883321834
Construction Work,Pump House,Job,true,+919883321834
Construction Work,Solar Foundation,Job,true,+919883321834
Construction Work,Boundary Wall,Job,true,+919883321834
Construction Work,Guard Wall,Job,true,+919883321834
Construction Work,Drain,Job,true,+919883321834
Construction Work,Road Repair,Job,true,+919883321834
FHTC Work,FHTC,Nos,true,+919883321834
Solar Work,Solar Installation,Job,true,+919883321834
Rock Work,Rock Breaking,Job,true,+919883321834
Rock Work,Rock Blasting,Job,true,+919883321834
Hydram Work,Hydram Installation,Job,true,+919883321834
Drake  Well Work,Drake Well,Job,true,+919883321834
